2024-01-04T12:00,7203,TOYOTA MOTOR CORPORATION,Buy,1000,100,2024-11-22T20:57
2024-01-05T12:00,7203,TOYOTA MOTOR CORPORATION,Buy,1200,110,2024-11-22T20:58
2024-01-09T12:00,7203,TOYOTA MOTOR CORPORATION,Sell,1300,120,2024-11-22T20:59
2024-01-10T12:00,7203,TOYOTA MOTOR CORPORATION,Buy,200,118,2024-11-22T21:00
2024-12-02T10:00,8306,Mitsubishi UFJ Financial Group Inc.,Buy,200,100,2024-12-02T17:30
2024-12-02T10:01,8306,Mitsubishi UFJ Financial Group Inc.,Sell,100,100,2024-12-05T15:20
2024-01-09T12:30,141A,Trial Holdings Inc.,Buy,1000,120,2024-12-05T15:37
2024-01-09T12:40,141A,Trial Holdings Inc.,Sell,500,120,2024-12-06T14:50
2024-12-13T12:00,141A,Trial Holdings Inc.,Sell,200,120,2024-12-13T17:52
